model_name,trasnformer_name,RMSE
model_test_run_06062023005639,transformer_test_run_06062023005639,0.11182848067635184
model_test_run_06062023005745,transformer_test_run_06062023005745,0.11182848067635184
model_test_run_06062023005925,transformer_test_run_06062023005925,0.11182848067635184
model_test_run_06062023192433,transformer_test_run_06062023192433,0.11182848067635184
model_test_run_06062023192741,transformer_test_run_06062023192741,0.11182848067635184
model_test_run_06062023200214,transformer_test_run_06062023200214,0.11182848067635184

model_test_run_06062023223912,transformer_test_run_06062023223912,0.10441708778770387
